name, link, linkedinLink
InnoLectric – Germany, https://evtrader.com/ev-company/innolectric-germany/, https://www.linkedin.com/company/innolectric-ag
InnoPower – Germany, https://evtrader.com/ev-company/innopower-germany/, https://mm.linkedin.com/company/innopowerth?trk=public_profile_topcard-past-company
InnoSenT – Germany, https://evtrader.com/ev-company/innosent-germany/, https://www.linkedin.com/company/innosent-gmbh
Innovative Mobility – Germany, https://evtrader.com/ev-company/innovative-mobility-germany/, https://www.linkedin.com/pulse/innovative-mobility-highlights-week-may-11th-17th-2020-susan-shaheen
Inoa Scooter – Germany, https://evtrader.com/ev-company/inoa-scooter-germany/, https://vn.linkedin.com/in/benjamin-rachow
Intis – Germany, https://evtrader.com/ev-company/intis-germany/, https://de.linkedin.com/company/integrated-infrastructure-solutions-gmbh
Ionity – Germany, https://evtrader.com/ev-company/ionity-germany/, https://www.linkedin.com/company/ionity
Ionix – Germany, https://evtrader.com/ev-company/ionix-germany/, https://il.linkedin.com/company/ionix-io
Ipetronik – Germany, https://evtrader.com/ev-company/ipetronik-germany/, https://www.linkedin.com/company/ipetronik
IPG Automotive – Germany, https://evtrader.com/ev-company/ipg-automotive-germany/, https://www.linkedin.com/company/ipg-automotive-gmbh
Iumentum – Germany, https://evtrader.com/ev-company/iumentum-germany/, https://www.linkedin.com/in/jeffweiner08
Ixgo (#Bike&Co) – Gemany, https://evtrader.com/ev-company/ixgo-bikeco-gemany/, https://de.linkedin.com/company/bico-zweirad-marketing-gmbh
Jeep Bicycles – Germany, https://evtrader.com/ev-company/jeep-bicycles-germany/, https://www.linkedin.com/company/stellantis
Jetcopter – Germany, https://evtrader.com/ev-company/jetcopter-germany/, https://de.linkedin.com/in/jetcopter
Johansson – Germany, https://evtrader.com/ev-company/johansson-germany/, https://www.linkedin.com/in/fransjohansson
Jolt Energy – Germany, https://evtrader.com/ev-company/jolt-energy-germany/, https://www.linkedin.com/company/jolt-energy
Jurc – Germany, https://evtrader.com/ev-company/jurc-germany/, https://www.linkedin.com/pub/dir/+/Jurc
Kalkhoff (#Pon) – Germany, https://evtrader.com/ev-company/kalkhoff-pon-germany/, https://www.linkedin.com/company/kalkhoff-bikes/
Kärcher Products – Germany, https://evtrader.com/ev-company/karcher-products-germany/, https://www.linkedin.com/company/alfred-kaercher-se-&-co-kg/
KATHREIN Digital Systems – Germany, https://evtrader.com/ev-company/kathrein-digital-systems-germany/, https://de.linkedin.com/company/kathrein-ds
Kaufland – Germany, https://evtrader.com/ev-company/kaufland-germany/, https://www.linkedin.com/company/kauflandecommerce
Kayza (#Hartje) – Germany, https://evtrader.com/ev-company/kayza-hartje-germany/, https://be.linkedin.com/in/seppe-goossens-267bb1228
KBE Elektrotechnik – Germany, https://evtrader.com/ev-company/kbe-elektrotechnik-germany/, https://www.linkedin.com/company/kbe-elektrotechnik-gmbh/
Kemmler Electronic – Germany, https://evtrader.com/ev-company/kemmler-electronic-germany/, https://www.linkedin.com/company/kemmler-electronic-gmbh
Keskin eBike – Germany, https://evtrader.com/ev-company/keskin-ebike-germany/, https://www.linkedin.com/pub/dir/+/Smarte
Kettler – Germany, https://evtrader.com/ev-company/kettler-germany/, https://www.linkedin.com/company/kettlerliving
KIA Charge Advanced – Germany, https://evtrader.com/ev-company/kia-charge-advanced-germany/, https://www.linkedin.com/company/hornekia
Kiepe Electric – Germany, https://evtrader.com/ev-company/kiepe-electric-germany/, https://www.linkedin.com/company/kiepegroup
Kinto Mobility – Germany, https://evtrader.com/ev-company/kinto-mobility-germany/, https://www.linkedin.com/company/kinto-mobility/
Konrad Technologies – Germany, https://evtrader.com/ev-company/konrad-technologies-germany/, https://www.linkedin.com/company/konrad-technologies
Kopernikus Automotive – Germany, https://evtrader.com/ev-company/kopernikus-automotive-germany/, https://www.linkedin.com/company/kopernikusautomotive/
Kostal – Germany, https://evtrader.com/ev-company/kostal-germany/, https://www.linkedin.com/company/kostal-group
Kraftstoff Bikes – Germany, https://evtrader.com/ev-company/kraftstoff-bikes-germany/, https://si.linkedin.com/company/zeller-gmelin-gmbh-&-co.-kg?trk=similar-pages_result-card_full-click
Kramer – Germany, https://evtrader.com/ev-company/kramer-germany/, https://il.linkedin.com/company/kramer-electronics-ltd
Kratzer Automation – Germany, https://evtrader.com/ev-company/kratzer-automation-germany/, https://www.linkedin.com/pulse/kratzer-automation-announces-management-changes-mirko-kinne
Kreidler – Germany, https://evtrader.com/ev-company/kreidler-germany/, https://www.linkedin.com/in/marlenekreidler
Kromber & Schubert – Germany, https://evtrader.com/ev-company/kromber-schubert-germany/, https://de.linkedin.com/company/kromberg-schubert-2
Kroschu Cable – Germany, https://evtrader.com/ev-company/kroschu-cable-germany/, https://fi.linkedin.com/company/kroschuzy?trk=ppro_cprof
Krüss – Germany, https://evtrader.com/ev-company/kruss-germany/, https://www.linkedin.com/company/kruss-gmbh
KTEG – Germany, https://evtrader.com/ev-company/kteg-germany/, https://de.linkedin.com/company/kteg
Kuka – Germany, https://evtrader.com/ev-company/kuka-germany/, https://www.linkedin.com/company/kukaglobal
Lade – Germany, https://evtrader.com/ev-company/lade-germany/, https://ng.linkedin.com/in/ladefalobi
Ladenetz – Germany, https://evtrader.com/ev-company/ladenetz-germany/, https://www.linkedin.com/posts/louise-kingham-cbe-fei-58120312_aral100-futureofmobility-andnotor-activity-7212370429229838336-kLjy
Lange Aviation – Germany, https://evtrader.com/ev-company/lange-aviation-germany/, https://www.linkedin.com/company/lange-aviation-gmbh/
Lankelansie Bikes – Germany, https://evtrader.com/ev-company/lankelansie-bikes-germany/, Not found
Lanxess – Germany, https://evtrader.com/ev-company/lanxess-germany/, https://www.linkedin.com/company/lanxess
LaufTech – Germany, https://evtrader.com/ev-company/lauftech-germany/, https://de.linkedin.com/company/blacktea
Lcity Cars – Germany, https://evtrader.com/ev-company/lcity-cars-germany/, https://www.linkedin.com/company/city-transformer
Lecson – Germany, https://evtrader.com/ev-company/lecson-germany/, https://www.linkedin.com/posts/lena-sisco-8a31b451_small-business-owners-and-entrepreneurs-activity-7188908303538626561-sRVo
Leipziger Leuchten – Germany, https://evtrader.com/ev-company/leipziger-leuchten-germany/, https://www.linkedin.com/company/leipziger-leuchten-gmbh
Leisger – Germany, https://evtrader.com/ev-company/leisger-germany/, https://www.linkedin.com/company/leisger
Lemmo Future – Germany, https://evtrader.com/ev-company/lemmo-future-germany/, https://www.linkedin.com/company/lemo
Lemnet – Germany, https://evtrader.com/ev-company/lemnet-germany/, https://www.linkedin.com/company/elembio
Lenz eBikes – Germany, https://evtrader.com/ev-company/lenz-ebikes-germany/, https://de.linkedin.com/in/freelenzdesign/en
Leon Cycle – Germany, https://evtrader.com/ev-company/leon-cycle-germany/, https://www.linkedin.com/company/leoncycle
Leoni – Germany, https://evtrader.com/ev-company/leoni-germany/, https://www.linkedin.com/company/leoni/
Leviatec – Germany, https://evtrader.com/ev-company/leviatec-germany/, https://de.linkedin.com/in/erjon-kryeziu-891ab324a
Lidl The New Drive – Germany, https://evtrader.com/ev-company/lidl-the-new-drive-germany/, https://uk.linkedin.com/company/lidl-gb
Liebherr – Germany, https://evtrader.com/ev-company/liebherr-germany/, https://www.linkedin.com/company/liebherr
Lilium – Germany, https://evtrader.com/ev-company/lilium-germany/, https://www.linkedin.com/company/lilium-aviation-gmbh
Linde eMotion – Germany, https://evtrader.com/ev-company/linde-emotion-germany/, https://www.linkedin.com/posts/sonia-maria-scolt-b4947761_linde-activity-6932965146080219137-e15D
Lion E-Mobility – Germany, https://evtrader.com/ev-company/lion-e-mobility-germany/, https://in.linkedin.com/company/lion-smart-gmbh?trk=similar-pages_result-card_full-click
LiteVille – Germany, https://evtrader.com/ev-company/liteville-germany/, https://sg.linkedin.com/company/lx-media-gmbh?trk=similar-pages_result-card_full-click
Llobe Bike – Germany, https://evtrader.com/ev-company/llobe-bike-germany/, https://www.linkedin.com/posts/rory-a-cooper-phd-ply-57795915_love-resilience-soldierforlife-activity-7034942989839781888-2R_d
Loden Bike – Germany, https://evtrader.com/ev-company/loden-bike-germany/, https://www.linkedin.com/in/ron-loden-5a703911
Lowago – Germany, https://evtrader.com/ev-company/lowago-germany/, https://www.reply.com/fr/digital-experience/lowago
LRT Mobility – Germany, https://evtrader.com/ev-company/lrt-mobility-germany/, https://www.linkedin.com/company/alstom/
Luminus – Germany, https://evtrader.com/ev-company/luminus-germany/, https://www.linkedin.com/company/luminusagency
LXinstruments -Germany, https://evtrader.com/ev-company/lxinstruments-germany/, https://www.lxinstruments.com/en/functional-test/turnkey-solutions.html
M1 Sporttechnik – Germany, https://evtrader.com/ev-company/m1-sporttechnik-germany/, https://de.linkedin.com/company/m1-sporttechnik
Magment – Germany, https://evtrader.com/ev-company/magment-germany/, https://www.linkedin.com/company/software-ag
Magmove Bikes – Germany, https://evtrader.com/ev-company/magmove-bikes-germany/, Not found
Magura – Germany, https://evtrader.com/ev-company/magura-germany/, https://www.linkedin.com/company/magura
Mahle – Germany, https://evtrader.com/ev-company/mahle-germany/, https://www.linkedin.com/company/mahle
Mahle ChargeBIG – Germany, https://evtrader.com/ev-company/mahle-chargebig-germany/, https://www.linkedin.com/posts/mahlenewventures_partnership-chargebig-mahle-activity-7029422661776601088-bbtY?trk=public_profile
Mahle SmartBike System – Germany, https://evtrader.com/ev-company/mahle-smartbike-system-germany/, https://www.linkedin.com/company/mahlesmartbikesystems
Maingau – Germany, https://evtrader.com/ev-company/maingau-germany/, https://de.linkedin.com/company/maingau-energie-gmbh
Mainova – Germany, https://evtrader.com/ev-company/mainova-germany/, https://www.linkedin.com/company/mainovaag
MAN – Germany, https://evtrader.com/ev-company/man-germany/, https://de.linkedin.com/company/man-commercial-vehicles
MAN Energy Solutions – Germany, https://evtrader.com/ev-company/man-energy-solutions-germany/, https://www.linkedin.com/company/manenergysolutions/
MAN Truck & Bus SE – Germany, https://evtrader.com/ev-company/man-truck-bus-se-germany/, https://de.linkedin.com/company/man-commercial-vehicles
Manz – Germany, https://evtrader.com/ev-company/manz-germany/, https://www.linkedin.com/company/manz-ag
Max & Maleon – Germany, https://evtrader.com/ev-company/max-maleon-germany/, https://www.linkedin.com/in/kimm4
Maxcycles – Germany, https://evtrader.com/ev-company/maxcycles-germany/, https://www.linkedin.com/company/lezyne
Maxx – Germany, https://evtrader.com/ev-company/maxx-germany/, https://www.linkedin.com/company/maxxorthopedics
Mayla Yachts – Germany, https://evtrader.com/ev-company/mayla-yachts-germany/, https://www.linkedin.com/company/mayla-yacht/
Mennekes – Germany, https://evtrader.com/ev-company/mennekes-germany/, https://www.linkedin.com/company/mennekes-electrical-products
Mer eco – Germany, https://evtrader.com/ev-company/mer-eco-germany/, https://de.linkedin.com/company/mer-eco
Mercedes-Benz – Germany, https://evtrader.com/ev-company/mercedes-benz-germany/, https://www.linkedin.com/company/mercedes-benz_ag
Mercedes-Benz Buses – Germany, https://evtrader.com/ev-company/mercedes-benz-buses-germany/, https://www.linkedin.com/company/daimlerbuses
Mercedes-Benz Me Charge – Germany, https://evtrader.com/ev-company/mercedes-benz-me-charge-germany/, https://de.linkedin.com/company/mercedes-benz-mobility
Mercedes-Benz Trucks – Germany, https://evtrader.com/ev-company/mercedes-benz-trucks-germany/, https://www.linkedin.com/company/mercedes-benz_ag
MHP – Germany, https://evtrader.com/ev-company/mhp-germany/, https://www.linkedin.com/company/mhp-a-porsche-company
Miba Battery – Germany, https://evtrader.com/ev-company/miba-battery-germany/, https://www.linkedin.com/company/miba-ag
Miles Mobility – Germany, https://evtrader.com/ev-company/miles-mobility-germany/, https://www.linkedin.com/company/miles-mobility
MINI – Germany, https://evtrader.com/ev-company/mini-germany/, https://www.linkedin.com/company/mini-cooper
MINI Charging – Germany, https://evtrader.com/ev-company/mini-charging-germany/, https://www.linkedin.com/company/bmw-group/
Mitsubishi Chemicals Europe – Germany, https://evtrader.com/ev-company/mitsubishi-chemicals-europe-germany/, https://de.linkedin.com/company/mitsubishi-chemical-europe
Mitsubishi Heavy Industry – Germany, https://evtrader.com/ev-company/mitsubishi-heavy-industry-germany/, https://www.linkedin.com/company/mitsubishi-heavy-industries
Mobileeee – Germany, https://evtrader.com/ev-company/mobileeee-germany/, https://www.linkedin.com/company/t-mobile
Mobotic – Germany, https://evtrader.com/ev-company/mobotic-germany/, https://de.linkedin.com/company/mobotic
Moia – Germany, https://evtrader.com/ev-company/moia-germany/, https://de.linkedin.com/company/moia_mobility
Molabo – Germany, https://evtrader.com/ev-company/molabo-germany/, https://www.linkedin.com/company/molabo/
Momentum Biking – Germany, https://evtrader.com/ev-company/momentum-biking-germany/, https://ca.linkedin.com/company/cyclemomentum
Morrison Bikes – Germany, https://evtrader.com/ev-company/morrison-bikes-germany/, https://zw.linkedin.com/posts/william-morrison-23264a145_this-german-dfi-is-pouring-millions-into-activity-7034449167577935873-wKqG
Mougg Bike – Germany, https://evtrader.com/ev-company/mougg-bike-germany/, https://au.linkedin.com/company/word-of-mouth-agency-perth
Moustache Bikes – Germany, https://evtrader.com/ev-company/moustache-bikes-germany/, https://www.linkedin.com/posts/moustachebikes_smilingmachines-moustache-smilingmachines-activity-7172991061076750336-dlKJ
Möve Bikes – Germany, https://evtrader.com/ev-company/move-bikes-germany/, https://uk.linkedin.com/company/bikmo
MoveMove – Germany, https://evtrader.com/ev-company/movemove-germany/, https://hk.linkedin.com/company/moveitmoveit
MTS – Germany, https://evtrader.com/ev-company/mts-germany/, https://www.linkedin.com/company/mts-multi-technology-services-gmbh?trk=ppro_cprof
Mubea U-Mobility – Germany, https://evtrader.com/ev-company/mubea-u-mobility-germany/, https://www.linkedin.com/company/mubea
Mulag – Germany, https://evtrader.com/ev-company/mulag-germany/, https://www.linkedin.com/company/mulag/
Muli Cycles – Germany, https://evtrader.com/ev-company/muli-cycles-germany/, https://www.linkedin.com/company/muli-cycles/
Munro – Germany, https://evtrader.com/ev-company/munro-germany/, https://de.linkedin.com/in/james1munro
Müsing Bikes – Germany, https://evtrader.com/ev-company/musing-bikes-germany/, https://de.linkedin.com/company/canyon-bicycles-gmbh
MVV eMotion – Germany, https://evtrader.com/ev-company/mvv-emotion-germany/, https://www.linkedin.com/posts/ilkay-g%C3%BCndo%C4%9Fan-024b26219_my-letter-in-todays-bild-newspaper-activity-7207310850985013248-mrtb
My Boo – Germany, https://evtrader.com/ev-company/my-boo-germany/, https://www.linkedin.com/posts/phantom_be-my-boo-turn-up-the-heat-activity-7161670819033649153-ygmn
My eCar – Germany, https://evtrader.com/ev-company/my-ecar-germany/, https://de.linkedin.com/company/evonik
Myatu Bike – Germany, https://evtrader.com/ev-company/myatu-bike-germany/, Not found
N+ Bikes – Germany, https://evtrader.com/ev-company/n-bikes-germany/, https://www.linkedin.com/company/nplusbikes
Nanotech Digital – Germany, https://evtrader.com/ev-company/nanotech-digital-germany/, https://www.linkedin.com/company/nanotech-digital-gmbh
Naon Scooters – Germany, https://evtrader.com/ev-company/naon-scooters-germany/, https://de.linkedin.com/company/naon-mobility
Naturstrom – Germany, https://evtrader.com/ev-company/naturstrom-germany/, https://www.leadiq.com/c/naturstrom-ag/5a1d7e6824000024005881cb
NCM Bikes (#Leon Cycle) – Germany, https://evtrader.com/ev-company/ncm-bikes-leon-cycle-germany/, https://www.linkedin.com/company/leoncycle
Ncte – Germany, https://evtrader.com/ev-company/ncte-germany/, https://www.linkedin.com/company/ncte-ag/
Neodrives – Germany, https://evtrader.com/ev-company/neodrives-germany/, https://www.linkedin.com/company/alber-gmbh/
Nero Yachts – Germany, https://evtrader.com/ev-company/nero-yachts-germany/, Not found
Netzsch – Germany, https://evtrader.com/ev-company/netzsch-germany/, https://www.linkedin.com/company/netzsch-group/
New Cycle – Germany, https://evtrader.com/ev-company/new-cycle-germany/, https://www.linkedin.com/company/cycle-eco/
Next.e.GO Mobile – Germany, https://evtrader.com/ev-company/next-e-go-mobile-germany/, https://de.linkedin.com/company/nextegomobile
Nextbike – Germany, https://evtrader.com/ev-company/nextbike-germany/, https://de.linkedin.com/company/nextbikeofficial
Nicolai Bicycles – Germany, https://evtrader.com/ev-company/nicolai-bicycles-germany/, https://de.linkedin.com/in/kalle-nicolai-37b99924/en
Nidec Components – Germany, https://evtrader.com/ev-company/nidec-components-germany/, https://www.linkedin.com/company/nidec-motors-actuators-gmbh/
Norma Group – Germany, https://evtrader.com/ev-company/norma-group-germany/, https://de.linkedin.com/company/norma-group-se
Novus – Germany, https://evtrader.com/ev-company/novus-germany/, https://www.linkedin.com/company/novus
Now – Germany, https://evtrader.com/ev-company/now-germany/, https://www.linkedin.com/
Nox Cycles – Germany, https://evtrader.com/ev-company/nox-cycles-germany/, https://www.linkedin.com/company/noxcycles
Nüwiel – Germany, https://evtrader.com/ev-company/nuwiel-germany/, https://de.linkedin.com/company/nuwiel
nVent Schroff – Germany, https://evtrader.com/ev-company/nvent-schroff-germany/, https://www.linkedin.com/company/nvent-schroff-europe/
ODU Automotive – Germany, https://evtrader.com/ev-company/odu-automotive-germany/, Not found
Ongineer – Germany, https://evtrader.com/ev-company/ongineer-germany/, https://uk.linkedin.com/company/vodafone
Ono Motion – Germany, https://evtrader.com/ev-company/ono-motion-germany/, https://de.linkedin.com/company/onomotion
Opel – Germany, https://evtrader.com/ev-company/opel-germany/, https://www.linkedin.com/company/opelautomobile/
Opelit Bikes – Germany, https://evtrader.com/ev-company/opelit-bikes-germany/, https://www.linkedin.com/company/stellantis
Orten Electric Trucks – Germany, https://evtrader.com/ev-company/orten-electric-trucks-germany/, https://www.linkedin.com/company/orten-electric-trucks
Oswald Elektromotoren – Germany, https://evtrader.com/ev-company/oswald-elektromotoren-germany/, https://www.linkedin.com/company/oswald-elektromotoren-gmbh
Ovao Bike – Germany, https://evtrader.com/ev-company/ovao-bike-germany/, Not found
P3 Group – Germany, https://evtrader.com/ev-company/p3-group-germany/, https://www.linkedin.com/company/p3
Panasonic – Germany, https://evtrader.com/ev-company/panasonic-germany/, https://www.linkedin.com/company/panasonic/
Patria – Germany, https://evtrader.com/ev-company/patria-germany/, https://be.linkedin.com/company/patria
Paul Nutzfahzeuge – Germany, https://evtrader.com/ev-company/paul-nutzfahzeuge-germany/, https://www.linkedin.com/in/paulwolke
PedalPower – Germany, https://evtrader.com/ev-company/pedalpower-germany/, https://www.linkedin.com/posts/georgesmithies_support-onwardsandupwards-pedalpower-activity-7192425350600044544-CiAu
Pegasus Bikes – Germany, https://evtrader.com/ev-company/pegasus-bikes-germany/, https://uk.linkedin.com/company/pegasus_group
Pendix – Germany, https://evtrader.com/ev-company/pendix-germany/, https://de.linkedin.com/company/pendix-gmbh
Pepper Motion – Germany, https://evtrader.com/ev-company/pepper-motion-germany/, https://www.linkedin.com/company/peppermotion
Pepperl + Fuchs – Germany, https://evtrader.com/ev-company/pepperl-fuchs-germany/, https://www.linkedin.com/company/pepperl-fuchs-group
PfauTec – Germany, https://evtrader.com/ev-company/pfautec-germany/, https://de.linkedin.com/company/pfau-tech-gmbh
Pfeiffer Vacuum – Germany, https://evtrader.com/ev-company/pfeiffer-vacuum-germany/, https://www.linkedin.com/company/pfeiffer-vacuum
Pinion – Germany, https://evtrader.com/ev-company/pinion-germany/, https://de.linkedin.com/company/pinion-gmbh
Plasmatreat – Germany, https://evtrader.com/ev-company/plasmatreat-germany/, https://www.linkedin.com/company/plasmatreat
PlugnCharge – Germany, https://evtrader.com/ev-company/plugncharge-germany/, https://in.linkedin.com/company/plugnchargeevsolutions
Plugsurfing – Germany, https://evtrader.com/ev-company/plugsurfing-germany/, https://www.linkedin.com/company/plugsurfing/
Pohlbock – Germany, https://evtrader.com/ev-company/pohlbock-germany/, https://uk.linkedin.com/company/pohlbock?trk=ppro_cprof
Poison – Germany, https://evtrader.com/ev-company/poison-germany/, https://www.linkedin.com/pulse/my-battle-mercury-poisoning-cautionary-tale-greg-sarafin
Ponomarets – Germany, https://evtrader.com/ev-company/ponomarets-germany/, https://de.linkedin.com/in/romanponomarets
Porsche – Germany, https://evtrader.com/ev-company/porsche-germany/, https://www.linkedin.com/company/porsche-ag
Porsche Design – Germany, https://evtrader.com/ev-company/porsche-design-germany/, https://www.linkedin.com/company/porsche-ag
Porsche eBike Performance – Germany, https://evtrader.com/ev-company/porsche-ebike-performance-germany/, https://hr.linkedin.com/company/porsche-ebike-performance
Power Drive Europe – Germany, https://evtrader.com/ev-company/power-drive-europe-germany/, https://www.linkedin.com/company/eku-power-drives
PowerCo SE – Germany, https://evtrader.com/ev-company/powerco-se-germany/, https://de.linkedin.com/company/powerco-se
Primobius – Germany, https://evtrader.com/ev-company/primobius-germany/, https://de.linkedin.com/company/primobius
ProActiv – Germany, https://evtrader.com/ev-company/proactiv-germany/, https://in.linkedin.com/company/proactiveforher
ProCredit Bank – Germany, https://evtrader.com/ev-company/procredit-bank-germany/, https://www.linkedin.com/company/procredit-bank-deutschland/
Propain Bikes – Germany, https://evtrader.com/ev-company/propain-bikes-germany/, https://www.linkedin.com/company/propain-bicycles-gmbh
Prophete Bikes – Germany, https://evtrader.com/ev-company/prophete-bikes-germany/, https://de.linkedin.com/company/prophete-emobility
Proton Motor – Germany, https://evtrader.com/ev-company/proton-motor-germany/, https://de.linkedin.com/company/proton-motor-fuel-cell-gmbh
Puch (#Cycle Europe) – Germany, https://evtrader.com/ev-company/puch-cycle-europe-germany/, https://at.linkedin.com/company/push-ventures-pv-
Pure Battery Technologies – Germany, https://evtrader.com/ev-company/pure-battery-technologies-germany/, https://au.linkedin.com/company/pure-battery-technologies
Qio Bikes – Germany, https://evtrader.com/ev-company/qio-bikes-germany/, https://de.linkedin.com/company/hermann-hartje-kg
Quantron – Germany, https://evtrader.com/ev-company/quantron-germany/, https://de.linkedin.com/company/quantron
Qwello – Germany, https://evtrader.com/ev-company/qwello-germany/, https://www.linkedin.com/posts/qwello_buldingelectricwithelectric-mobilitytransition-activity-7168652782982385665-y8Mu
R Raymon (#Pierer) – Germany, https://evtrader.com/ev-company/r-raymon-pierer-germany/, https://be.linkedin.com/company/pierermobility?trk=public_profile_experience-item_profile-section-card_subtitle-click
Rabeneick Bikes – Germany, https://evtrader.com/ev-company/rabeneick-bikes-germany/, https://www.linkedin.com/company/new-cycle-ol/
Radkutsche – Germany, https://evtrader.com/ev-company/radkutsche-germany/, https://www.linkedin.com/posts/peter-janech-7b109441_covid19-tourism-sustainability-activity-6915408642213052416-gy7k?trk=public_profile_like_view
Radon Bikes – Germany, https://evtrader.com/ev-company/radon-bikes-germany/, https://www.linkedin.com/company/experify-io
Redux – Germany, https://evtrader.com/ev-company/redux-germany/, https://www.linkedin.com/company/redux-recycling-gmbh
Reev – Germany, https://evtrader.com/ev-company/reev-germany-2/, https://www.linkedin.com/company/reevcare
Rema Group – Germany, https://evtrader.com/ev-company/rema-group-germany/, https://de.linkedin.com/company/rema-tip-top-ag
Remsdale – Germany, https://evtrader.com/ev-company/remsdale-germany/, https://www.linkedin.com/in/travisramsdale/
Renk Group – Germany, https://evtrader.com/ev-company/renk-group-germany/, https://de.linkedin.com/company/renkgroup
Rennstahl Bikes – Germany, https://evtrader.com/ev-company/rennstahl-bikes-germany/, Not found
Rethink Bikes – Germany, https://evtrader.com/ev-company/rethink-bikes-germany/, https://de.linkedin.com/in/markgerban
REW – Germany, https://evtrader.com/ev-company/rew-germany/, https://www.linkedin.com/company/rew-technology
Rexroth – Germany, https://evtrader.com/ev-company/rexroth-germany/, https://www.linkedin.com/company/bosch-rexroth
Rheinhessiche Ladekarte – Germany, https://evtrader.com/ev-company/rheinhessiche-ladekarte-germany/, Not found
Ridetronic – Germany, https://evtrader.com/ev-company/ridetronic-germany/, https://www.linkedin.com/in/carleberts
Riese & Müller – Germany, https://evtrader.com/ev-company/riese-muller-germany/, https://de.linkedin.com/company/riesemuller
RLE International – Germany, https://evtrader.com/ev-company/rle-international-germany/, https://www.linkedin.com/company/rle-international-group
Rock Machine – Germany, https://evtrader.com/ev-company/rock-machine-germany/, https://www.linkedin.com/company/rock-machinery-company-llc
Rodan Bikes – Germany, https://evtrader.com/ev-company/rodan-bikes-germany/, https://www.linkedin.com/in/steven-peterson-7928995
RodauStrom – Germany, https://evtrader.com/ev-company/rodaustrom-germany/, https://ch.linkedin.com/in/tebarek-abadura-abafita-395a47157
Roland Gumpert – Germany, https://evtrader.com/ev-company/roland-gumpert-germany/, https://www.linkedin.com/posts/anis-maaouia-68a02a150_gumpert-apollo-supercar-activity-7181941718420779009-um10
Rolektro, https://evtrader.com/ev-company/rolektro/, https://de.linkedin.com/company/soletek
Rose Bikes – Germany, https://evtrader.com/ev-company/rose-bikes-germany/, https://de.linkedin.com/company/rose-bikes
Rosenberger – Germany, https://evtrader.com/ev-company/rosenberger-germany/, https://www.linkedin.com/company/rosenberger-group
Roth International – Germany, https://evtrader.com/ev-company/roth-international-germany/, https://www.linkedin.com/in/danielroth1
Rotwild – Germany, https://evtrader.com/ev-company/rotwild-germany/, https://de.linkedin.com/company/artefakt-design
Rover eBikes – Germany, https://evtrader.com/ev-company/rover-ebikes-germany/, https://www.linkedin.com/company/urbanrover
Ruff Cycles – Germany, https://evtrader.com/ev-company/ruff-cycles-germany/, https://www.linkedin.com/company/ruff-cycles
Rumstromer – Germany, https://evtrader.com/ev-company/rumstromer-germany/, Not found
RWTH Aachen University, https://evtrader.com/ev-company/rwth-aachen-university/, https://de.linkedin.com/school/rwth-aachen-university/
Rytle Mobility – Germany, https://evtrader.com/ev-company/rytle-germany/, https://de.linkedin.com/company/rytlex
S’cool – Germany, https://evtrader.com/ev-company/scool-germany/, https://uk.linkedin.com/company/s-cool
SAB Bröckskes – Germany, https://evtrader.com/ev-company/sab-brockskes-germany/, https://www.linkedin.com/company/sab-broeckskes
Safion – Germany, https://evtrader.com/ev-company/safion-germany/, https://de.linkedin.com/company/safion-gmbh
Say Carbon Yachts – Germany, https://evtrader.com/ev-company/say-carbon-yachts-germany/, https://www.linkedin.com/company/say-carbon
Sblocs – Germany, https://evtrader.com/ev-company/sblocs-germany/, https://www.linkedin.com/posts/rnt-deposit-solutions_cash-sweep-insured-deposit-sblocs-r-activity-7075275237126287360-gG_p?trk=public_profile
Schaeffler – Germany, https://evtrader.com/ev-company/schaeffler-germany/, https://www.linkedin.com/company/schaeffler
Schauff – Germany, https://evtrader.com/ev-company/schauff-germany/, https://uk.linkedin.com/company/berlin-global-advisors
Schempp-Hirth – Germany, https://evtrader.com/ev-company/schempp-hirth-germany/, https://www.linkedin.com/company/schempp-hirth-flugzeugbau-gmbh/
Schindelhauer Bikes – Germany, https://evtrader.com/ev-company/schindelhauer-bikes-germany/, https://www.linkedin.com/posts/schindelhauerbikes_schindelhauerbikes-activity-7187035163346800640-CZxa
Schobba Electric Cycle – Germany, https://evtrader.com/ev-company/schobba-electriccycle-germany/, https://de.linkedin.com/company/sutter-medizintechnik-gmbh?trk=organization_guest_main-feed-card_reshare-text
Schober Technologies – Gemany, https://evtrader.com/ev-company/schober-technologies-gemany/, https://www.linkedin.com/posts/torischober_as-a-person-with-a-background-in-information-activity-6380035642650353664-H7ol
Schwarz Elektromotoren – Germany, https://evtrader.com/ev-company/schwarz-elektromotoren-germany/, https://www.linkedin.com/company/schwarz-elektromotoren-gmbh
Seco – Germany, https://evtrader.com/ev-company/seco-germany/, https://www.linkedin.com/company/seco-tools
Sedlbauer – Germany, https://evtrader.com/ev-company/sedlbauer-germany/, https://www.linkedin.com/company/sedlbauer-ag-sed-
Semikron Danfoss – Germany, https://evtrader.com/ev-company/semikron-danfoss-germany/, https://de.linkedin.com/company/semikron-danfoss
Semsotec – Germany, https://evtrader.com/ev-company/semsotec-germany/, https://www.linkedin.com/company/semsotec-group
Senec – Germany, https://evtrader.com/ev-company/senec-germany/, https://de.linkedin.com/company/senecgmbh
Sevic – Germany, https://evtrader.com/ev-company/sevic-germany/, https://www.linkedin.com/company/sevic-emobility
SFM Bikes – Germany, https://evtrader.com/ev-company/sfm-bikes-germany/, https://uk.linkedin.com/company/speciality-fibres-and-materials-ltd
Sharenow – Germany, https://evtrader.com/ev-company/sharenow-germany/, https://de.linkedin.com/company/sharenowofficial
Siemens – Germany, https://evtrader.com/ev-company/siemens-germany/, https://www.linkedin.com/company/siemens
Siemens Mobility – Germany, https://evtrader.com/ev-company/siemens-mobility-germany/, https://www.linkedin.com/showcase/siemens-mobility/
Silver Atena – Germany, https://evtrader.com/ev-company/silver-atena-germany/, https://www.linkedin.com/company/silveratena
Silverback – Germany, https://evtrader.com/ev-company/silverback-germany/, https://au.linkedin.com/company/silverback-bikes
Simply Bike – Germany, https://evtrader.com/ev-company/simply-bike-germany/, https://www.linkedin.com/pulse/when-dei-just-like-riding-bike-stacey-a-gordon-mba-rrehc
Sixt – Germany, https://evtrader.com/ev-company/sixt-germany/, https://de.linkedin.com/company/sixt
Sixt Share – Germany, https://evtrader.com/ev-company/sixt-share-germany/, https://www.linkedin.com/company/sixt
Skeleton – Germany, https://evtrader.com/ev-company/skeleton-germany/, https://ee.linkedin.com/company/skeleton-technologies
SKF – Germany, https://evtrader.com/ev-company/skf-germany/, https://www.linkedin.com/company/skf
Sma Solar Technolgy – Germany, https://evtrader.com/ev-company/sma-solar-technolgy-germany/, https://www.linkedin.com/company/sma-solar-technology-ag
Smafo – Germany, https://evtrader.com/ev-company/smafo-germany/, https://www.linkedin.com/pulse/first-look-minis-debut-ebike-horace-dediu
SMART- Germany, https://evtrader.com/ev-company/smart-germany/, https://bg.linkedin.com/company/smart-solar-eu
Softing – Germany, https://evtrader.com/ev-company/softing-germany/, https://www.linkedin.com/company/softing
Sol Motors – Germany, https://evtrader.com/ev-company/sol-motors-germany/, https://www.linkedin.com/company/sol-motors
Sonnen – Germany, https://evtrader.com/ev-company/sonnen-germany/, https://de.linkedin.com/company/sonnengmbh
Sphere Energy – Germany, https://evtrader.com/ev-company/sphere-energy-germany/, https://de.linkedin.com/company/sphere-energy
Spie – Germany, https://evtrader.com/ev-company/spie-germany/, https://de.linkedin.com/company/spie-deutschland-zentraleuropa
Stadtmobil – Germany, https://evtrader.com/ev-company/stadtmobil-germany/, https://www.linkedin.com/pulse/german-car-sharing-market-overview-niels-strohkirch
Stadtwerke Düsseldorf – Germany, https://evtrader.com/ev-company/stadtwerke-dusseldorf-germany/, https://de.linkedin.com/company/stadtwerke-duesseldorf
Stadtwerke Emden – Germany, https://evtrader.com/ev-company/stadtwerke-emden-germany/, https://www.linkedin.com/company/stadtwerke-emden-gmbh
Stadtwerke Konstanz – Gemany, https://evtrader.com/ev-company/stadtwerke-konstanz-gemany/, https://www.linkedin.com/posts/breidert_in-june-we-had-our-annual-strategy-weekend-activity-7213841052271558656-I3k7
Stadwerke Afschaffenburg – Germany, https://evtrader.com/ev-company/stadwerke-afschaffenburg-germany/, https://www.linkedin.com/pub/dir/+/Aschaffenburg
Steiner Design – Germany, https://evtrader.com/ev-company/steiner-design-germany/, https://www.linkedin.com/in/oliver-steiner-engineer/
Steppenwolf Bikes – Germany, https://evtrader.com/ev-company/steppenwolf-bikes-germany/, https://www.linkedin.com/company/ciclosport-
Stevens Bikes – Germany, https://evtrader.com/ev-company/stevens-bikes-germany/, https://www.linkedin.com/company/stevens-bicycles
Storck Bikes – Germany, https://evtrader.com/ev-company/storck-bikes-germany/, https://www.linkedin.com/company/storck-bicycle-gmbh
Stormborn – Germany, https://evtrader.com/ev-company/stormborn-germany/, https://ca.linkedin.com/company/stormbornvfx
Streetscooter – Germany, https://evtrader.com/ev-company/streetscooter-germany/, https://www.linkedin.com/company/streetscooter-gmbh/
Sushi Bikes – Germany, https://evtrader.com/ev-company/sushi-bikes-germany/, https://am.linkedin.com/company/buycycle-de?trk=public_profile_experience-item_profile-section-card_subtitle-click
SW Bremen – Germany, https://evtrader.com/ev-company/sw-bremen-germany/, https://www.linkedin.com/company/brunel
SW München – Germany, https://evtrader.com/ev-company/sw-munchen-germany/, https://de.linkedin.com/company/swm-gmbh
Swobbee – Germany, https://evtrader.com/ev-company/swobbee-germany/, https://climatebase.org/company/1136562/swobbee
Sxt Scooters – Germany, https://evtrader.com/ev-company/sxt-scooters-germany/, https://www.linkedin.com/company/moss-bros-auto-group
Tanke Rheinenergie – Germany, https://evtrader.com/ev-company/tanke-rheinenergie-germany/, https://www.linkedin.com/company/rheinenergie
Tante Paula – Germany, https://evtrader.com/ev-company/tante-paula-germany/, https://uk.linkedin.com/company/taste-film
Technagon – Germany, https://evtrader.com/ev-company/technagon-germany/, https://de.linkedin.com/company/technagon-gmbh
TechniBike – Germany, https://evtrader.com/ev-company/technibike-germany/, https://de.linkedin.com/company/technisat-digital-gmbh
Ten Energielokal – Germany, https://evtrader.com/ev-company/ten-energielokal-germany/, https://at.linkedin.com/company/silosophie
Tensoreye – Germany, https://evtrader.com/ev-company/tensoreye-germany/, https://de.linkedin.com/company/tensoreye
TesVolt – Germany, https://evtrader.com/ev-company/tesvolt-germany/, https://de.linkedin.com/company/tesvolt
ThermoFisher – Germany, https://evtrader.com/ev-company/thermofisher-germany/, https://www.linkedin.com/company/thermo-fisher-scientific
Thüga Energie – Germany, https://evtrader.com/ev-company/thuga-energie-germany/, https://de.linkedin.com/company/th%C3%BCga-energie-gmbh
Thyssenkrupp Automotive – Germany, https://evtrader.com/ev-company/thyssenkrupp-automotive-germany/, https://de.linkedin.com/company/thyssenkrupp-automotive
Tier – Germany, https://evtrader.com/ev-company/tier-germany/, https://www.linkedin.com/company/tiermobility/
Tinbot Tech – Germany, https://evtrader.com/ev-company/tinbot-tech-germany/, https://br.linkedin.com/in/denobi/en
Tisto – Germany, https://evtrader.com/ev-company/tisto-germany/, https://www.linkedin.com/company/ti%C3%ABsto
To-Zero – Germany, https://evtrader.com/ev-company/to-zero-germany/, https://de.linkedin.com/company/tozero-solutions
Torqeedo – Germany, https://evtrader.com/ev-company/torqeedo-germany/, https://www.linkedin.com/company/torqeedo
Tout Terrain – Germany, https://evtrader.com/ev-company/tout-terrain-germany/, https://www.linkedin.com/posts/jonathan-benhamou-7a62799_another-step-forward-we-are-thrilled-activity-7198577760028524544-Mdbc
TQ Group – Germany, https://evtrader.com/ev-company/tq-group-germany/, https://www.linkedin.com/company/tq-group
Traton Group – Germany, https://evtrader.com/ev-company/traton-group-germany/, https://de.linkedin.com/company/tratongroup
Tremel – Germany, https://evtrader.com/ev-company/tremel-germany/, https://www.linkedin.com/in/paul-tremel-03b51350
Trenga – Germany, https://evtrader.com/ev-company/trenga-germany/, https://ie.linkedin.com/company/kingspan
Trenoli – Germany, https://evtrader.com/ev-company/trenoli-germany/, https://www.linkedin.com/pub/dir/+/Ziegmann
Trinity Electric Vehicles – Germany, https://evtrader.com/ev-company/trinity-electric-vehicles-germany/, https://www.linkedin.com/posts/sophie-becker-53300619b_what-a-privilege-to-be-asked-to-speak-at-activity-7011295540780875777-jQIL
Trittbrett – Germany, https://evtrader.com/ev-company/trittbrett-germany/, https://www.linkedin.com/company/trittbrett-original
TTTech Auto – Germany, https://evtrader.com/ev-company/tttech-auto-germany/, https://at.linkedin.com/company/tttech-auto
Turbine Bicycle – Germany, https://evtrader.com/ev-company/turbine-bicycle-germany/, https://www.linkedin.com/company/flower-turbines-llc
TÜV Rheinland – Germany, https://evtrader.com/ev-company/tuv-rheinland-germany/, https://www.linkedin.com/company/tuv-rheinland-group
Twaice – Germany, https://evtrader.com/ev-company/twaice-germany/, https://www.linkedin.com/company/twaice
Twike – Germany, https://evtrader.com/ev-company/twike-germany/, https://www.linkedin.com/company/twike/
Understand – Germany, https://evtrader.com/ev-company/understand-germany/, https://www.linkedin.com/
Univega (#Derby Cycles) – Germany, https://evtrader.com/ev-company/univega-derby-cycles-germany/, https://www.linkedin.com/company/derby-cycle/
Unu Scooter – Germany, https://evtrader.com/ev-company/unu-scooter-germany/, https://de.linkedin.com/company/unu-ug
Urban Drivestyle – Germany, https://evtrader.com/ev-company/urban-drivestyle-germany/, https://www.linkedin.com/pulse/suab-startup-eco-system-tour-south-east-asia-gordian-overschmidt
Urban Mobility – Germany, https://evtrader.com/ev-company/urban-mobility-germany/, https://www.linkedin.com/company/eit-urban-mobility
Urtopia – Germany, https://evtrader.com/ev-company/urtopia-germany/, https://hk.linkedin.com/company/newurtopia
Urwahn – Germany, https://evtrader.com/ev-company/urwahn-germany/, https://de.linkedin.com/company/urwahnbikes
Utopia Velo – Germany, https://evtrader.com/ev-company/utopia-velo-germany/, https://hk.linkedin.com/company/newurtopia
Uwe Jaekel – Germany, https://evtrader.com/ev-company/uwe-jaekel-germany/, https://www.linkedin.com/pub/dir/+/Jaekel
VaiVa – Germany, https://evtrader.com/ev-company/vaiva-germany/, Not found
Valentin Technologies – Germany, https://evtrader.com/ev-company/valentin-technologies-germany/, Not found
Valeo – Germany, https://evtrader.com/ev-company/valeo-germany/, https://www.linkedin.com/company/valeo
Varaneo – Germany, https://evtrader.com/ev-company/varaneo-germany/, https://www.linkedin.com/company/varaneo
Varta – Germany, https://evtrader.com/ev-company/varta-germany/, https://de.linkedin.com/company/varta-ag
Vay – Germany, https://evtrader.com/ev-company/vay-germany/, https://www.linkedin.com/company/vaytechnology
VDE – Germany, https://evtrader.com/ev-company/vde-germany/, https://www.linkedin.com/company/vde-group
Vde Vdi IT – Germany, https://evtrader.com/ev-company/vde-vdi-it-germany/, https://www.linkedin.com/company/black-semiconductor/
Vdik – Germany, https://evtrader.com/ev-company/vdik-germany/, https://in.linkedin.com/company/invest-in-bavaria
Vector Informatik – Germany, https://evtrader.com/ev-company/vector-informatik-germany/, https://www.linkedin.com/company/vectorgrp
Vehiclevo – Germany, https://evtrader.com/ev-company/vehiclevo-germany/, https://www.linkedin.com/company/vehiclevo
Velano Elektrorad – Germany, https://evtrader.com/ev-company/velano-elektrorad-germany/, https://www.shutterstock.com/de/search/yamaha-logo
Velect – Germany, https://evtrader.com/ev-company/velect-germany/, https://www.linkedin.com/company/velvt
Velo De Ville – Germany, https://evtrader.com/ev-company/velo-de-ville-germany/, https://hr.linkedin.com/company/technology-&-strategy-t&s-?trk=public_post_share-update_social-details_comment_actor-name
Velo Lab – Germany, https://evtrader.com/ev-company/velo-lab-germany/, https://www.linkedin.com/company/velolabs
Velomo – Germany, https://evtrader.com/ev-company/velomo-germany/, https://www.icebike.org/30-iconic-velomobile-designs-from-the-past-85-years/
Velotraum – Germany, https://evtrader.com/ev-company/velotraum-germany/, https://uk.linkedin.com/in/mattia-branca-803684
Venios – Germany, https://evtrader.com/ev-company/venios-germany/, https://www.linkedin.com/company/venios-gmbh/
Victoria Bikes – Germany, https://evtrader.com/ev-company/victoria-bikes-germany/, https://uk.linkedin.com/company/victoria-and-albert-museum
Vigem – Germany, https://evtrader.com/ev-company/vigem-germany/, https://www.linkedin.com/company/vigem-gmbh/
Vitesco Technologies – Germany, https://evtrader.com/ev-company/vitesco-technologies-germany/, https://www.linkedin.com/company/vitesco-technologies
Voge – Germany, https://evtrader.com/ev-company/voge-germany/, https://www.linkedin.com/in/paulvoge
Voith – Germany, https://evtrader.com/ev-company/voith-germany/, https://www.linkedin.com/company/voithgroup
Volkswagen – Germany, https://evtrader.com/ev-company/volkswagen-germany/, https://www.linkedin.com/company/volkswagen-group/
Volkswagen We Charge Free – Germany, https://evtrader.com/ev-company/volkswagen-we-charge-free-germany/, https://de.linkedin.com/company/volkswagen-commercial-vehicles-
Volocoptor – Germany, https://evtrader.com/ev-company/volocoptor-germany/, https://www.linkedin.com/company/volocopter/
VoltaBox – Germany, https://evtrader.com/ev-company/voltabox-germany/, https://www.linkedin.com/company/voltaboxag/
VoltStorage – Germany, https://evtrader.com/ev-company/voltstorage-germany/, https://de.linkedin.com/company/voltstorage
Voss Automotive – Germany, https://evtrader.com/ev-company/voss-automotive-germany/, https://www.linkedin.com/company/voss-automotive
Voway – Germany, https://evtrader.com/ev-company/voway-germany/, https://www.linkedin.com/company/cowayglobal/
VSC Bike – Germany, https://evtrader.com/ev-company/vsc-bike-germany/, https://de.linkedin.com/company/pendix-gmbh
Waldbike – Germany, https://evtrader.com/ev-company/waldbike-germany/, https://www.linkedin.com/company/iot-venture/
Walther-Werke – Germany, https://evtrader.com/ev-company/walther-werke-germany/, https://de.linkedin.com/company/walther-werke-ferdinand-walther-gmbh
Warp Charger – Germany, https://evtrader.com/ev-company/warp-charger-germany/, https://www.linkedin.com/posts/shenzhen-sinexcel-electric-co-ltd_evcharger-electricvehicle-chargingsolutions-activity-7201125427355000832-EDKG
Waygate Technologies – Germany, https://evtrader.com/ev-company/waygate-technologies-germany/, https://de.linkedin.com/company/waygate-technologies
Webasto – Germany, https://evtrader.com/ev-company/webasto-germany/, https://www.linkedin.com/company/webasto
Wenergize – Germany, https://evtrader.com/ev-company/wenergize-germany/, https://www.linkedin.com/company/energize-group
Weycor – Germany, https://evtrader.com/ev-company/weycor-germany/, https://www.linkedin.com/company/atlas-weyhausen
White Bikes – Germany, https://evtrader.com/ev-company/white-bikes-germany/, https://www.linkedin.com/in/christopher-white-7070029
Wiesmann – Germany, https://evtrader.com/ev-company/wiesmann-germany/, https://de.linkedin.com/company/wiesmann-sports-cars-gmbh
Wind – Germany, https://evtrader.com/ev-company/wind-germany/, https://www.linkedin.com/company/enercon-gmbh/
Winora (#Accell) – Germany, https://evtrader.com/ev-company/winora-accell-germany/, https://www.linkedin.com/company/accell-group
Wirelane – Germany, https://evtrader.com/ev-company/wirelane-germany/, https://www.linkedin.com/posts/constantinschwaab_wirelane-sammelt-11-mio-euro-ein-und-%C3%BCbernimmt-activity-7103613960561532928-OKcw?trk=public_profile_like_view
Wittenstein – Germany, https://evtrader.com/ev-company/wittenstein-germany/, https://de.linkedin.com/company/wittenstein-group
Wulfhorst – Germany, https://evtrader.com/ev-company/wulfhorst-germany/, https://www.linkedin.com/in/allisonwulfhorst
Würth Elektronik – Germany, https://evtrader.com/ev-company/wurth-elektronik-germany/, https://de.linkedin.com/company/wuerth-elektronik-group
X-Bus – Germany, https://evtrader.com/ev-company/x-bus-germany/, https://www.linkedin.com/posts/kripa-designexpert_xbus-electricbrands-cardesign-activity-6888824246672379905-Q6MC?trk=public_profile_like_view
Xcyc – Germany, https://evtrader.com/ev-company/xcyc-germany/, https://www.linkedin.com/posts/attbusiness_att-business-activity-7115676827062284289-xcyc?trk=public_profile_like_view
Yoonit – Germany, https://evtrader.com/ev-company/yoonit-germany/, Not found
YT Industries – Germany, https://evtrader.com/ev-company/yt-industries-germany/, https://www.linkedin.com/company/yt-industries-gmbh/
Zemo – Germany, https://evtrader.com/ev-company/zemo-germany/, https://uk.linkedin.com/company/zemo
Zera – Germany, https://evtrader.com/ev-company/zera-germany/, https://www.linkedin.com/company/zera-gmbh/
Zet Mobil – Germany, https://evtrader.com/ev-company/zet-mobil-germany/, https://www.linkedin.com/company/zte
ZF – Germany, https://evtrader.com/ev-company/zf-germany/, https://www.linkedin.com/company/zf-group
ZF Marine Mobility – Germany, https://evtrader.com/ev-company/zf-marine-mobility-germany/, https://www.linkedin.com/company/zf-group
ZF Micro Mobility – Germany, https://evtrader.com/ev-company/zf-micro-mobility-germany/, https://www.linkedin.com/company/zf-group
ZipRecruiter – Germany, https://evtrader.com/ev-company/ziprecruiter-germany/, https://www.linkedin.com/company/ziprecruiter
Zollern – Germany, https://evtrader.com/ev-company/zollern-germany/, https://www.linkedin.com/company/zollern-gmbh-&-co-kg
Zünndap – Germany, https://evtrader.com/ev-company/zunndap-germany/, Not found
