"name,link"
"InnoLectric – Germany,https://evtrader.com/ev-company/innolectric-germany/"
"InnoPower – Germany,https://evtrader.com/ev-company/innopower-germany/"
"InnoSenT – Germany,https://evtrader.com/ev-company/innosent-germany/"
"Innovative Mobility – Germany,https://evtrader.com/ev-company/innovative-mobility-germany/"
"Inoa Scooter – Germany,https://evtrader.com/ev-company/inoa-scooter-germany/"
"Intis – Germany,https://evtrader.com/ev-company/intis-germany/"
"Ionity – Germany,https://evtrader.com/ev-company/ionity-germany/"
"Ionix – Germany,https://evtrader.com/ev-company/ionix-germany/"
"Ipetronik – Germany,https://evtrader.com/ev-company/ipetronik-germany/"
"IPG Automotive – Germany,https://evtrader.com/ev-company/ipg-automotive-germany/"
"Iumentum – Germany,https://evtrader.com/ev-company/iumentum-germany/"
"Ixgo (#Bike&Co) – Gemany,https://evtrader.com/ev-company/ixgo-bikeco-gemany/"
"Jeep Bicycles – Germany,https://evtrader.com/ev-company/jeep-bicycles-germany/"
"Jetcopter – Germany,https://evtrader.com/ev-company/jetcopter-germany/"
"Johansson – Germany,https://evtrader.com/ev-company/johansson-germany/"
"Jolt Energy – Germany,https://evtrader.com/ev-company/jolt-energy-germany/"
"Jurc – Germany,https://evtrader.com/ev-company/jurc-germany/"
"Kalkhoff (#Pon) – Germany,https://evtrader.com/ev-company/kalkhoff-pon-germany/"
"Kärcher Products – Germany,https://evtrader.com/ev-company/karcher-products-germany/"
"KATHREIN Digital Systems – Germany,https://evtrader.com/ev-company/kathrein-digital-systems-germany/"
"Kaufland – Germany,https://evtrader.com/ev-company/kaufland-germany/"
"Kayza (#Hartje) – Germany,https://evtrader.com/ev-company/kayza-hartje-germany/"
"KBE Elektrotechnik – Germany,https://evtrader.com/ev-company/kbe-elektrotechnik-germany/"
"Kemmler Electronic – Germany,https://evtrader.com/ev-company/kemmler-electronic-germany/"
"Keskin eBike – Germany,https://evtrader.com/ev-company/keskin-ebike-germany/"
"Kettler – Germany,https://evtrader.com/ev-company/kettler-germany/"
"KIA Charge Advanced – Germany,https://evtrader.com/ev-company/kia-charge-advanced-germany/"
"Kiepe Electric – Germany,https://evtrader.com/ev-company/kiepe-electric-germany/"
"Kinto Mobility – Germany,https://evtrader.com/ev-company/kinto-mobility-germany/"
"Konrad Technologies – Germany,https://evtrader.com/ev-company/konrad-technologies-germany/"
"Kopernikus Automotive – Germany,https://evtrader.com/ev-company/kopernikus-automotive-germany/"
"Kostal – Germany,https://evtrader.com/ev-company/kostal-germany/"
"Kraftstoff Bikes – Germany,https://evtrader.com/ev-company/kraftstoff-bikes-germany/"
"Kramer – Germany,https://evtrader.com/ev-company/kramer-germany/"
"Kratzer Automation – Germany,https://evtrader.com/ev-company/kratzer-automation-germany/"
"Kreidler – Germany,https://evtrader.com/ev-company/kreidler-germany/"
"Kromber & Schubert – Germany,https://evtrader.com/ev-company/kromber-schubert-germany/"
"Kroschu Cable – Germany,https://evtrader.com/ev-company/kroschu-cable-germany/"
"Krüss – Germany,https://evtrader.com/ev-company/kruss-germany/"
"KTEG – Germany,https://evtrader.com/ev-company/kteg-germany/"
"Kuka – Germany,https://evtrader.com/ev-company/kuka-germany/"
"Lade – Germany,https://evtrader.com/ev-company/lade-germany/"
"Ladenetz – Germany,https://evtrader.com/ev-company/ladenetz-germany/"
"Lange Aviation – Germany,https://evtrader.com/ev-company/lange-aviation-germany/"
"Lankelansie Bikes – Germany,https://evtrader.com/ev-company/lankelansie-bikes-germany/"
"Lanxess – Germany,https://evtrader.com/ev-company/lanxess-germany/"
"LaufTech – Germany,https://evtrader.com/ev-company/lauftech-germany/"
"Lcity Cars – Germany,https://evtrader.com/ev-company/lcity-cars-germany/"
"Lecson – Germany,https://evtrader.com/ev-company/lecson-germany/"
"Leipziger Leuchten – Germany,https://evtrader.com/ev-company/leipziger-leuchten-germany/"
"Leisger – Germany,https://evtrader.com/ev-company/leisger-germany/"
"Lemmo Future – Germany,https://evtrader.com/ev-company/lemmo-future-germany/"
"Lemnet – Germany,https://evtrader.com/ev-company/lemnet-germany/"
"Lenz eBikes – Germany,https://evtrader.com/ev-company/lenz-ebikes-germany/"
"Leon Cycle – Germany,https://evtrader.com/ev-company/leon-cycle-germany/"
"Leoni – Germany,https://evtrader.com/ev-company/leoni-germany/"
"Leviatec – Germany,https://evtrader.com/ev-company/leviatec-germany/"
"Lidl The New Drive – Germany,https://evtrader.com/ev-company/lidl-the-new-drive-germany/"
"Liebherr – Germany,https://evtrader.com/ev-company/liebherr-germany/"
"Lilium – Germany,https://evtrader.com/ev-company/lilium-germany/"
"Linde eMotion – Germany,https://evtrader.com/ev-company/linde-emotion-germany/"
"Lion E-Mobility – Germany,https://evtrader.com/ev-company/lion-e-mobility-germany/"
"LiteVille – Germany,https://evtrader.com/ev-company/liteville-germany/"
"Llobe Bike – Germany,https://evtrader.com/ev-company/llobe-bike-germany/"
"Loden Bike – Germany,https://evtrader.com/ev-company/loden-bike-germany/"
"Lowago – Germany,https://evtrader.com/ev-company/lowago-germany/"
"LRT Mobility – Germany,https://evtrader.com/ev-company/lrt-mobility-germany/"
"Luminus – Germany,https://evtrader.com/ev-company/luminus-germany/"
"LXinstruments -Germany,https://evtrader.com/ev-company/lxinstruments-germany/"
"M1 Sporttechnik – Germany,https://evtrader.com/ev-company/m1-sporttechnik-germany/"
"Magment – Germany,https://evtrader.com/ev-company/magment-germany/"
"Magmove Bikes – Germany,https://evtrader.com/ev-company/magmove-bikes-germany/"
"Magura – Germany,https://evtrader.com/ev-company/magura-germany/"
"Mahle – Germany,https://evtrader.com/ev-company/mahle-germany/"
"Mahle ChargeBIG – Germany,https://evtrader.com/ev-company/mahle-chargebig-germany/"
"Mahle SmartBike System – Germany,https://evtrader.com/ev-company/mahle-smartbike-system-germany/"
"Maingau – Germany,https://evtrader.com/ev-company/maingau-germany/"
"Mainova – Germany,https://evtrader.com/ev-company/mainova-germany/"
"MAN – Germany,https://evtrader.com/ev-company/man-germany/"
"MAN Energy Solutions – Germany,https://evtrader.com/ev-company/man-energy-solutions-germany/"
"MAN Truck & Bus SE – Germany,https://evtrader.com/ev-company/man-truck-bus-se-germany/"
"Manz – Germany,https://evtrader.com/ev-company/manz-germany/"
"Max & Maleon – Germany,https://evtrader.com/ev-company/max-maleon-germany/"
"Maxcycles – Germany,https://evtrader.com/ev-company/maxcycles-germany/"
"Maxx – Germany,https://evtrader.com/ev-company/maxx-germany/"
"Mayla Yachts – Germany,https://evtrader.com/ev-company/mayla-yachts-germany/"
"Mennekes – Germany,https://evtrader.com/ev-company/mennekes-germany/"
"Mer eco – Germany,https://evtrader.com/ev-company/mer-eco-germany/"
"Mercedes-Benz – Germany,https://evtrader.com/ev-company/mercedes-benz-germany/"
"Mercedes-Benz Buses – Germany,https://evtrader.com/ev-company/mercedes-benz-buses-germany/"
"Mercedes-Benz Me Charge – Germany,https://evtrader.com/ev-company/mercedes-benz-me-charge-germany/"
"Mercedes-Benz Trucks – Germany,https://evtrader.com/ev-company/mercedes-benz-trucks-germany/"
"MHP – Germany,https://evtrader.com/ev-company/mhp-germany/"
"Miba Battery – Germany,https://evtrader.com/ev-company/miba-battery-germany/"
"Miles Mobility – Germany,https://evtrader.com/ev-company/miles-mobility-germany/"
"MINI – Germany,https://evtrader.com/ev-company/mini-germany/"
"MINI Charging – Germany,https://evtrader.com/ev-company/mini-charging-germany/"
"Mitsubishi Chemicals Europe – Germany,https://evtrader.com/ev-company/mitsubishi-chemicals-europe-germany/"
"Mitsubishi Heavy Industry – Germany,https://evtrader.com/ev-company/mitsubishi-heavy-industry-germany/"
"Mobileeee – Germany,https://evtrader.com/ev-company/mobileeee-germany/"
"Mobotic – Germany,https://evtrader.com/ev-company/mobotic-germany/"
"Moia – Germany,https://evtrader.com/ev-company/moia-germany/"
"Molabo – Germany,https://evtrader.com/ev-company/molabo-germany/"
"Momentum Biking – Germany,https://evtrader.com/ev-company/momentum-biking-germany/"
"Morrison Bikes – Germany,https://evtrader.com/ev-company/morrison-bikes-germany/"
"Mougg Bike – Germany,https://evtrader.com/ev-company/mougg-bike-germany/"
"Moustache Bikes – Germany,https://evtrader.com/ev-company/moustache-bikes-germany/"
"Möve Bikes – Germany,https://evtrader.com/ev-company/move-bikes-germany/"
"MoveMove – Germany,https://evtrader.com/ev-company/movemove-germany/"
"MTS – Germany,https://evtrader.com/ev-company/mts-germany/"
"Mubea U-Mobility – Germany,https://evtrader.com/ev-company/mubea-u-mobility-germany/"
"Mulag – Germany,https://evtrader.com/ev-company/mulag-germany/"
"Muli Cycles – Germany,https://evtrader.com/ev-company/muli-cycles-germany/"
"Munro – Germany,https://evtrader.com/ev-company/munro-germany/"
"Müsing Bikes – Germany,https://evtrader.com/ev-company/musing-bikes-germany/"
"MVV eMotion – Germany,https://evtrader.com/ev-company/mvv-emotion-germany/"
"My Boo – Germany,https://evtrader.com/ev-company/my-boo-germany/"
"My eCar – Germany,https://evtrader.com/ev-company/my-ecar-germany/"
"Myatu Bike – Germany,https://evtrader.com/ev-company/myatu-bike-germany/"
"N+ Bikes – Germany,https://evtrader.com/ev-company/n-bikes-germany/"
"Nanotech Digital – Germany,https://evtrader.com/ev-company/nanotech-digital-germany/"
"Naon Scooters – Germany,https://evtrader.com/ev-company/naon-scooters-germany/"
"Naturstrom – Germany,https://evtrader.com/ev-company/naturstrom-germany/"
"NCM Bikes (#Leon Cycle) – Germany,https://evtrader.com/ev-company/ncm-bikes-leon-cycle-germany/"
"Ncte – Germany,https://evtrader.com/ev-company/ncte-germany/"
"Neodrives – Germany,https://evtrader.com/ev-company/neodrives-germany/"
"Nero Yachts – Germany,https://evtrader.com/ev-company/nero-yachts-germany/"
"Netzsch – Germany,https://evtrader.com/ev-company/netzsch-germany/"
"New Cycle – Germany,https://evtrader.com/ev-company/new-cycle-germany/"
"Next.e.GO Mobile – Germany,https://evtrader.com/ev-company/next-e-go-mobile-germany/"
"Nextbike – Germany,https://evtrader.com/ev-company/nextbike-germany/"
"Nicolai Bicycles – Germany,https://evtrader.com/ev-company/nicolai-bicycles-germany/"
"Nidec Components – Germany,https://evtrader.com/ev-company/nidec-components-germany/"
"Norma Group – Germany,https://evtrader.com/ev-company/norma-group-germany/"
"Novus – Germany,https://evtrader.com/ev-company/novus-germany/"
"Now – Germany,https://evtrader.com/ev-company/now-germany/"
"Nox Cycles – Germany,https://evtrader.com/ev-company/nox-cycles-germany/"
"Nüwiel – Germany,https://evtrader.com/ev-company/nuwiel-germany/"
"nVent Schroff – Germany,https://evtrader.com/ev-company/nvent-schroff-germany/"
"ODU Automotive – Germany,https://evtrader.com/ev-company/odu-automotive-germany/"
"Ongineer – Germany,https://evtrader.com/ev-company/ongineer-germany/"
"Ono Motion – Germany,https://evtrader.com/ev-company/ono-motion-germany/"
"Opel – Germany,https://evtrader.com/ev-company/opel-germany/"
"Opelit Bikes – Germany,https://evtrader.com/ev-company/opelit-bikes-germany/"
"Orten Electric Trucks – Germany,https://evtrader.com/ev-company/orten-electric-trucks-germany/"
"Oswald Elektromotoren – Germany,https://evtrader.com/ev-company/oswald-elektromotoren-germany/"
"Ovao Bike – Germany,https://evtrader.com/ev-company/ovao-bike-germany/"
"P3 Group – Germany,https://evtrader.com/ev-company/p3-group-germany/"
"Panasonic – Germany,https://evtrader.com/ev-company/panasonic-germany/"
"Patria – Germany,https://evtrader.com/ev-company/patria-germany/"
"Paul Nutzfahzeuge – Germany,https://evtrader.com/ev-company/paul-nutzfahzeuge-germany/"
"PedalPower – Germany,https://evtrader.com/ev-company/pedalpower-germany/"
"Pegasus Bikes – Germany,https://evtrader.com/ev-company/pegasus-bikes-germany/"
"Pendix – Germany,https://evtrader.com/ev-company/pendix-germany/"
"Pepper Motion – Germany,https://evtrader.com/ev-company/pepper-motion-germany/"
"Pepperl + Fuchs – Germany,https://evtrader.com/ev-company/pepperl-fuchs-germany/"
"PfauTec – Germany,https://evtrader.com/ev-company/pfautec-germany/"
"Pfeiffer Vacuum – Germany,https://evtrader.com/ev-company/pfeiffer-vacuum-germany/"
"Pinion – Germany,https://evtrader.com/ev-company/pinion-germany/"
"Plasmatreat – Germany,https://evtrader.com/ev-company/plasmatreat-germany/"
"PlugnCharge – Germany,https://evtrader.com/ev-company/plugncharge-germany/"
"Plugsurfing – Germany,https://evtrader.com/ev-company/plugsurfing-germany/"
"Pohlbock – Germany,https://evtrader.com/ev-company/pohlbock-germany/"
"Poison – Germany,https://evtrader.com/ev-company/poison-germany/"
"Ponomarets – Germany,https://evtrader.com/ev-company/ponomarets-germany/"
"Porsche – Germany,https://evtrader.com/ev-company/porsche-germany/"
"Porsche Design – Germany,https://evtrader.com/ev-company/porsche-design-germany/"
"Porsche eBike Performance – Germany,https://evtrader.com/ev-company/porsche-ebike-performance-germany/"
"Power Drive Europe – Germany,https://evtrader.com/ev-company/power-drive-europe-germany/"
"PowerCo SE – Germany,https://evtrader.com/ev-company/powerco-se-germany/"
"Primobius – Germany,https://evtrader.com/ev-company/primobius-germany/"
"ProActiv – Germany,https://evtrader.com/ev-company/proactiv-germany/"
"ProCredit Bank – Germany,https://evtrader.com/ev-company/procredit-bank-germany/"
"Propain Bikes – Germany,https://evtrader.com/ev-company/propain-bikes-germany/"
"Prophete Bikes – Germany,https://evtrader.com/ev-company/prophete-bikes-germany/"
"Proton Motor – Germany,https://evtrader.com/ev-company/proton-motor-germany/"
"Puch (#Cycle Europe) – Germany,https://evtrader.com/ev-company/puch-cycle-europe-germany/"
"Pure Battery Technologies – Germany,https://evtrader.com/ev-company/pure-battery-technologies-germany/"
"Qio Bikes – Germany,https://evtrader.com/ev-company/qio-bikes-germany/"
"Quantron – Germany,https://evtrader.com/ev-company/quantron-germany/"
"Qwello – Germany,https://evtrader.com/ev-company/qwello-germany/"
"R Raymon (#Pierer) – Germany,https://evtrader.com/ev-company/r-raymon-pierer-germany/"
"Rabeneick Bikes – Germany,https://evtrader.com/ev-company/rabeneick-bikes-germany/"
"Radkutsche – Germany,https://evtrader.com/ev-company/radkutsche-germany/"
"Radon Bikes – Germany,https://evtrader.com/ev-company/radon-bikes-germany/"
"Redux – Germany,https://evtrader.com/ev-company/redux-germany/"
"Reev – Germany,https://evtrader.com/ev-company/reev-germany-2/"
"Rema Group – Germany,https://evtrader.com/ev-company/rema-group-germany/"
"Remsdale – Germany,https://evtrader.com/ev-company/remsdale-germany/"
"Renk Group – Germany,https://evtrader.com/ev-company/renk-group-germany/"
"Rennstahl Bikes – Germany,https://evtrader.com/ev-company/rennstahl-bikes-germany/"
"Rethink Bikes – Germany,https://evtrader.com/ev-company/rethink-bikes-germany/"
"REW – Germany,https://evtrader.com/ev-company/rew-germany/"
"Rexroth – Germany,https://evtrader.com/ev-company/rexroth-germany/"
"Rheinhessiche Ladekarte – Germany,https://evtrader.com/ev-company/rheinhessiche-ladekarte-germany/"
"Ridetronic – Germany,https://evtrader.com/ev-company/ridetronic-germany/"
"Riese & Müller – Germany,https://evtrader.com/ev-company/riese-muller-germany/"
"RLE International – Germany,https://evtrader.com/ev-company/rle-international-germany/"
"Rock Machine – Germany,https://evtrader.com/ev-company/rock-machine-germany/"
"Rodan Bikes – Germany,https://evtrader.com/ev-company/rodan-bikes-germany/"
"RodauStrom – Germany,https://evtrader.com/ev-company/rodaustrom-germany/"
"Roland Gumpert – Germany,https://evtrader.com/ev-company/roland-gumpert-germany/"
"Rolektro,https://evtrader.com/ev-company/rolektro/"
"Rose Bikes – Germany,https://evtrader.com/ev-company/rose-bikes-germany/"
"Rosenberger – Germany,https://evtrader.com/ev-company/rosenberger-germany/"
"Roth International – Germany,https://evtrader.com/ev-company/roth-international-germany/"
"Rotwild – Germany,https://evtrader.com/ev-company/rotwild-germany/"
"Rover eBikes – Germany,https://evtrader.com/ev-company/rover-ebikes-germany/"
"Ruff Cycles – Germany,https://evtrader.com/ev-company/ruff-cycles-germany/"
"Rumstromer – Germany,https://evtrader.com/ev-company/rumstromer-germany/"
"RWTH Aachen University,https://evtrader.com/ev-company/rwth-aachen-university/"
"Rytle Mobility – Germany,https://evtrader.com/ev-company/rytle-germany/"
"S’cool – Germany,https://evtrader.com/ev-company/scool-germany/"
"SAB Bröckskes – Germany,https://evtrader.com/ev-company/sab-brockskes-germany/"
"Safion – Germany,https://evtrader.com/ev-company/safion-germany/"
"Say Carbon Yachts – Germany,https://evtrader.com/ev-company/say-carbon-yachts-germany/"
"Sblocs – Germany,https://evtrader.com/ev-company/sblocs-germany/"
"Schaeffler – Germany,https://evtrader.com/ev-company/schaeffler-germany/"
"Schauff – Germany,https://evtrader.com/ev-company/schauff-germany/"
"Schempp-Hirth – Germany,https://evtrader.com/ev-company/schempp-hirth-germany/"
"Schindelhauer Bikes – Germany,https://evtrader.com/ev-company/schindelhauer-bikes-germany/"
"Schobba Electric Cycle – Germany,https://evtrader.com/ev-company/schobba-electriccycle-germany/"
"Schober Technologies – Gemany,https://evtrader.com/ev-company/schober-technologies-gemany/"
"Schwarz Elektromotoren – Germany,https://evtrader.com/ev-company/schwarz-elektromotoren-germany/"
"Seco – Germany,https://evtrader.com/ev-company/seco-germany/"
"Sedlbauer – Germany,https://evtrader.com/ev-company/sedlbauer-germany/"
"Semikron Danfoss – Germany,https://evtrader.com/ev-company/semikron-danfoss-germany/"
"Semsotec – Germany,https://evtrader.com/ev-company/semsotec-germany/"
"Senec – Germany,https://evtrader.com/ev-company/senec-germany/"
"Sevic – Germany,https://evtrader.com/ev-company/sevic-germany/"
"SFM Bikes – Germany,https://evtrader.com/ev-company/sfm-bikes-germany/"
"Sharenow – Germany,https://evtrader.com/ev-company/sharenow-germany/"
"Siemens – Germany,https://evtrader.com/ev-company/siemens-germany/"
"Siemens Mobility – Germany,https://evtrader.com/ev-company/siemens-mobility-germany/"
"Silver Atena – Germany,https://evtrader.com/ev-company/silver-atena-germany/"
"Silverback – Germany,https://evtrader.com/ev-company/silverback-germany/"
"Simply Bike – Germany,https://evtrader.com/ev-company/simply-bike-germany/"
"Sixt – Germany,https://evtrader.com/ev-company/sixt-germany/"
"Sixt Share – Germany,https://evtrader.com/ev-company/sixt-share-germany/"
"Skeleton – Germany,https://evtrader.com/ev-company/skeleton-germany/"
"SKF – Germany,https://evtrader.com/ev-company/skf-germany/"
"Sma Solar Technolgy – Germany,https://evtrader.com/ev-company/sma-solar-technolgy-germany/"
"Smafo – Germany,https://evtrader.com/ev-company/smafo-germany/"
"SMART- Germany,https://evtrader.com/ev-company/smart-germany/"
"Softing – Germany,https://evtrader.com/ev-company/softing-germany/"
"Sol Motors – Germany,https://evtrader.com/ev-company/sol-motors-germany/"
"Sonnen – Germany,https://evtrader.com/ev-company/sonnen-germany/"
"Sphere Energy – Germany,https://evtrader.com/ev-company/sphere-energy-germany/"
"Spie – Germany,https://evtrader.com/ev-company/spie-germany/"
"Stadtmobil – Germany,https://evtrader.com/ev-company/stadtmobil-germany/"
"Stadtwerke Düsseldorf – Germany,https://evtrader.com/ev-company/stadtwerke-dusseldorf-germany/"
"Stadtwerke Emden – Germany,https://evtrader.com/ev-company/stadtwerke-emden-germany/"
"Stadtwerke Konstanz – Gemany,https://evtrader.com/ev-company/stadtwerke-konstanz-gemany/"
"Stadwerke Afschaffenburg – Germany,https://evtrader.com/ev-company/stadwerke-afschaffenburg-germany/"
"Steiner Design – Germany,https://evtrader.com/ev-company/steiner-design-germany/"
"Steppenwolf Bikes – Germany,https://evtrader.com/ev-company/steppenwolf-bikes-germany/"
"Stevens Bikes – Germany,https://evtrader.com/ev-company/stevens-bikes-germany/"
"Storck Bikes – Germany,https://evtrader.com/ev-company/storck-bikes-germany/"
"Stormborn – Germany,https://evtrader.com/ev-company/stormborn-germany/"
"Streetscooter – Germany,https://evtrader.com/ev-company/streetscooter-germany/"
"Sushi Bikes – Germany,https://evtrader.com/ev-company/sushi-bikes-germany/"
"SW Bremen – Germany,https://evtrader.com/ev-company/sw-bremen-germany/"
"SW München – Germany,https://evtrader.com/ev-company/sw-munchen-germany/"
"Swobbee – Germany,https://evtrader.com/ev-company/swobbee-germany/"
"Sxt Scooters – Germany,https://evtrader.com/ev-company/sxt-scooters-germany/"
"Tanke Rheinenergie – Germany,https://evtrader.com/ev-company/tanke-rheinenergie-germany/"
"Tante Paula – Germany,https://evtrader.com/ev-company/tante-paula-germany/"
"Technagon – Germany,https://evtrader.com/ev-company/technagon-germany/"
"TechniBike – Germany,https://evtrader.com/ev-company/technibike-germany/"
"Ten Energielokal – Germany,https://evtrader.com/ev-company/ten-energielokal-germany/"
"Tensoreye – Germany,https://evtrader.com/ev-company/tensoreye-germany/"
"TesVolt – Germany,https://evtrader.com/ev-company/tesvolt-germany/"
"ThermoFisher – Germany,https://evtrader.com/ev-company/thermofisher-germany/"
"Thüga Energie – Germany,https://evtrader.com/ev-company/thuga-energie-germany/"
"Thyssenkrupp Automotive – Germany,https://evtrader.com/ev-company/thyssenkrupp-automotive-germany/"
"Tier – Germany,https://evtrader.com/ev-company/tier-germany/"
"Tinbot Tech – Germany,https://evtrader.com/ev-company/tinbot-tech-germany/"
"Tisto – Germany,https://evtrader.com/ev-company/tisto-germany/"
"To-Zero – Germany,https://evtrader.com/ev-company/to-zero-germany/"
"Torqeedo – Germany,https://evtrader.com/ev-company/torqeedo-germany/"
"Tout Terrain – Germany,https://evtrader.com/ev-company/tout-terrain-germany/"
"TQ Group – Germany,https://evtrader.com/ev-company/tq-group-germany/"
"Traton Group – Germany,https://evtrader.com/ev-company/traton-group-germany/"
"Tremel – Germany,https://evtrader.com/ev-company/tremel-germany/"
"Trenga – Germany,https://evtrader.com/ev-company/trenga-germany/"
"Trenoli – Germany,https://evtrader.com/ev-company/trenoli-germany/"
"Trinity Electric Vehicles – Germany,https://evtrader.com/ev-company/trinity-electric-vehicles-germany/"
"Trittbrett – Germany,https://evtrader.com/ev-company/trittbrett-germany/"
"TTTech Auto – Germany,https://evtrader.com/ev-company/tttech-auto-germany/"
"Turbine Bicycle – Germany,https://evtrader.com/ev-company/turbine-bicycle-germany/"
"TÜV Rheinland – Germany,https://evtrader.com/ev-company/tuv-rheinland-germany/"
"Twaice – Germany,https://evtrader.com/ev-company/twaice-germany/"
"Twike – Germany,https://evtrader.com/ev-company/twike-germany/"
"Understand – Germany,https://evtrader.com/ev-company/understand-germany/"
"Univega (#Derby Cycles) – Germany,https://evtrader.com/ev-company/univega-derby-cycles-germany/"
"Unu Scooter – Germany,https://evtrader.com/ev-company/unu-scooter-germany/"
"Urban Drivestyle – Germany,https://evtrader.com/ev-company/urban-drivestyle-germany/"
"Urban Mobility – Germany,https://evtrader.com/ev-company/urban-mobility-germany/"
"Urtopia – Germany,https://evtrader.com/ev-company/urtopia-germany/"
"Urwahn – Germany,https://evtrader.com/ev-company/urwahn-germany/"
"Utopia Velo – Germany,https://evtrader.com/ev-company/utopia-velo-germany/"
"Uwe Jaekel – Germany,https://evtrader.com/ev-company/uwe-jaekel-germany/"
"VaiVa – Germany,https://evtrader.com/ev-company/vaiva-germany/"
"Valentin Technologies – Germany,https://evtrader.com/ev-company/valentin-technologies-germany/"
"Valeo – Germany,https://evtrader.com/ev-company/valeo-germany/"
"Varaneo – Germany,https://evtrader.com/ev-company/varaneo-germany/"
"Varta – Germany,https://evtrader.com/ev-company/varta-germany/"
"Vay – Germany,https://evtrader.com/ev-company/vay-germany/"
"VDE – Germany,https://evtrader.com/ev-company/vde-germany/"
"Vde Vdi IT – Germany,https://evtrader.com/ev-company/vde-vdi-it-germany/"
"Vdik – Germany,https://evtrader.com/ev-company/vdik-germany/"
"Vector Informatik – Germany,https://evtrader.com/ev-company/vector-informatik-germany/"
"Vehiclevo – Germany,https://evtrader.com/ev-company/vehiclevo-germany/"
"Velano Elektrorad – Germany,https://evtrader.com/ev-company/velano-elektrorad-germany/"
"Velect – Germany,https://evtrader.com/ev-company/velect-germany/"
"Velo De Ville – Germany,https://evtrader.com/ev-company/velo-de-ville-germany/"
"Velo Lab – Germany,https://evtrader.com/ev-company/velo-lab-germany/"
"Velomo – Germany,https://evtrader.com/ev-company/velomo-germany/"
"Velotraum – Germany,https://evtrader.com/ev-company/velotraum-germany/"
"Venios – Germany,https://evtrader.com/ev-company/venios-germany/"
"Victoria Bikes – Germany,https://evtrader.com/ev-company/victoria-bikes-germany/"
"Vigem – Germany,https://evtrader.com/ev-company/vigem-germany/"
"Vitesco Technologies – Germany,https://evtrader.com/ev-company/vitesco-technologies-germany/"
"Voge – Germany,https://evtrader.com/ev-company/voge-germany/"
"Voith – Germany,https://evtrader.com/ev-company/voith-germany/"
"Volkswagen – Germany,https://evtrader.com/ev-company/volkswagen-germany/"
"Volkswagen We Charge Free – Germany,https://evtrader.com/ev-company/volkswagen-we-charge-free-germany/"
"Volocoptor – Germany,https://evtrader.com/ev-company/volocoptor-germany/"
"VoltaBox – Germany,https://evtrader.com/ev-company/voltabox-germany/"
"VoltStorage – Germany,https://evtrader.com/ev-company/voltstorage-germany/"
"Voss Automotive – Germany,https://evtrader.com/ev-company/voss-automotive-germany/"
"Voway – Germany,https://evtrader.com/ev-company/voway-germany/"
"VSC Bike – Germany,https://evtrader.com/ev-company/vsc-bike-germany/"
"Waldbike – Germany,https://evtrader.com/ev-company/waldbike-germany/"
"Walther-Werke – Germany,https://evtrader.com/ev-company/walther-werke-germany/"
"Warp Charger – Germany,https://evtrader.com/ev-company/warp-charger-germany/"
"Waygate Technologies – Germany,https://evtrader.com/ev-company/waygate-technologies-germany/"
"Webasto – Germany,https://evtrader.com/ev-company/webasto-germany/"
"Wenergize – Germany,https://evtrader.com/ev-company/wenergize-germany/"
"Weycor – Germany,https://evtrader.com/ev-company/weycor-germany/"
"White Bikes – Germany,https://evtrader.com/ev-company/white-bikes-germany/"
"Wiesmann – Germany,https://evtrader.com/ev-company/wiesmann-germany/"
"Wind – Germany,https://evtrader.com/ev-company/wind-germany/"
"Winora (#Accell) – Germany,https://evtrader.com/ev-company/winora-accell-germany/"
"Wirelane – Germany,https://evtrader.com/ev-company/wirelane-germany/"
"Wittenstein – Germany,https://evtrader.com/ev-company/wittenstein-germany/"
"Wulfhorst – Germany,https://evtrader.com/ev-company/wulfhorst-germany/"
"Würth Elektronik – Germany,https://evtrader.com/ev-company/wurth-elektronik-germany/"
"X-Bus – Germany,https://evtrader.com/ev-company/x-bus-germany/"
"Xcyc – Germany,https://evtrader.com/ev-company/xcyc-germany/"
"Yoonit – Germany,https://evtrader.com/ev-company/yoonit-germany/"
"YT Industries – Germany,https://evtrader.com/ev-company/yt-industries-germany/"
"Zemo – Germany,https://evtrader.com/ev-company/zemo-germany/"
"Zera – Germany,https://evtrader.com/ev-company/zera-germany/"
"Zet Mobil – Germany,https://evtrader.com/ev-company/zet-mobil-germany/"
"ZF – Germany,https://evtrader.com/ev-company/zf-germany/"
"ZF Marine Mobility – Germany,https://evtrader.com/ev-company/zf-marine-mobility-germany/"
"ZF Micro Mobility – Germany,https://evtrader.com/ev-company/zf-micro-mobility-germany/"
"ZipRecruiter – Germany,https://evtrader.com/ev-company/ziprecruiter-germany/"
"Zollern – Germany,https://evtrader.com/ev-company/zollern-germany/"
"Zünndap – Germany,https://evtrader.com/ev-company/zunndap-germany/"